{
  "classification_report": {
    "bacterial_pneumonia": {
      "precision": 0.8603773584905661,
      "recall": 0.9421487603305785,
      "f1-score": 0.8994082840236687,
      "support": 242.0
    },
    "normal": {
      "precision": 0.9238095238095239,
      "recall": 0.8290598290598291,
      "f1-score": 0.8738738738738738,
      "support": 234.0
    },
    "viral_pneumonia": {
      "precision": 0.7516778523489933,
      "recall": 0.7567567567567568,
      "f1-score": 0.7542087542087542,
      "support": 148.0
    },
    "accuracy": 0.8557692307692307,
    "macro avg": {
      "precision": 0.8452882448830277,
      "recall": 0.8426551153823881,
      "f1-score": 0.842496970702099,
      "support": 624.0
    },
    "weighted avg": {
      "precision": 0.8583831273618535,
      "recall": 0.8557692307692307,
      "f1-score": 0.8553945301972916,
      "support": 624.0
    }
  },
  "confusion_matrix": [
    [
      228,
      10,
      4
    ],
    [
      7,
      194,
      33
    ],
    [
      30,
      6,
      112
    ]
  ],
  "classes": [
    "bacterial_pneumonia",
    "normal",
    "viral_pneumonia"
  ],
  "auroc_macro_ovr": 0.9423904126059174,
  "accuracy": 0.8557692307692307,
  "macro_f1": 0.842496970702099
}