{
  "classification_report": {
    "bacterial_pneumonia": {
      "precision": 0.8913857677902621,
      "recall": 0.9834710743801653,
      "f1-score": 0.9351669941060904,
      "support": 242.0
    },
    "normal": {
      "precision": 0.995260663507109,
      "recall": 0.8974358974358975,
      "f1-score": 0.9438202247191011,
      "support": 234.0
    },
    "viral_pneumonia": {
      "precision": 0.8356164383561644,
      "recall": 0.8243243243243243,
      "f1-score": 0.8299319727891157,
      "support": 148.0
    },
    "accuracy": 0.9134615384615384,
    "macro avg": {
      "precision": 0.9074209565511785,
      "recall": 0.9017437653801291,
      "f1-score": 0.9029730638714358,
      "support": 624.0
    },
    "weighted avg": {
      "precision": 0.9171115127285565,
      "recall": 0.9134615384615384,
      "f1-score": 0.913452367196687,
      "support": 624.0
    }
  },
  "confusion_matrix": [
    [
      238,
      1,
      3
    ],
    [
      3,
      210,
      21
    ],
    [
      26,
      0,
      122
    ]
  ],
  "classes": [
    "bacterial_pneumonia",
    "normal",
    "viral_pneumonia"
  ],
  "auroc_macro_ovr": 0.9752638346619307,
  "accuracy": 0.9134615384615384,
  "macro_f1": 0.9029730638714358
}